{
  "project_info": {
    "project_number": "780007042322",
    "firebase_url": "https://ddr20-b91dc.firebaseio.com",
    "project_id": "ddr20-b91dc",
    "storage_bucket": "ddr20-b91dc.appspot.com"
  },
  "client": [
    {
      "client_info": {
        "mobilesdk_app_id": "1:780007042322:android:c45d09a8c174a4c4e917cb",
        "android_client_info": {
          "package_name": "com.example.ddr20"
        }
      },
      "oauth_client": [
        {
          "client_id": "780007042322-12tdpd51e7m6j1esqegm9f096stf09t2.apps.googleusercontent.com",
          "client_type": 1,
          "android_info": {
            "package_name": "com.example.ddr20",
            "certificate_hash": "39295dbfd57d73d110db01a23ac06e788a2eaf51"
          }
        },
        {
          "client_id": "780007042322-0ft2laii2mhanhko9ar6fm7de5fn97ci.apps.googleusercontent.com",
          "client_type": 3
        }
      ],
      "api_key": [
        {
          "current_key": "AIzaSyC8xsB5ZFhW7bBuSxGEytKnekgdWC0l5jY"
        }
      ],
      "services": {
        "appinvite_service": {
          "other_platform_oauth_client": [
            {
              "client_id": "780007042322-0ft2laii2mhanhko9ar6fm7de5fn97ci.apps.googleusercontent.com",
              "client_type": 3
            }
          ]
        }
      }
    }
  ],
  "configuration_version": "1"
}